Rank,Head,F1 Drop (Contribution),Accuracy Drop
1,1,0.022495209347027978,0.052631578947368474
2,8,0.04732188548771732,0.03157894736842104
3,7,0.017777316995780335,0.021052631578947323
4,4,0.0,0.0
5,2,-0.034450967697878254,-0.021052631578947323
6,3,-0.034450967697878254,-0.021052631578947323
7,0,-0.04379246755907873,-0.03157894736842104
8,6,-0.048259701709114755,-0.03157894736842104
9,5,-0.05771966575881993,-0.04210526315789476
