Rank,Head,F1 Drop (Contribution),Accuracy Drop
1,7,0.012086428424005535,0.021052631578947323
2,5,0.0,0.0
3,2,-0.014955376294188416,-0.010526315789473717
4,4,-0.020332698734031096,-0.010526315789473717
5,0,-0.0388628868325257,-0.021052631578947323
6,1,-0.0388628868325257,-0.021052631578947323
7,6,-0.02954502927393421,-0.021052631578947323
8,8,-0.02954502927393421,-0.021052631578947323
9,3,-0.048259701709114755,-0.03157894736842104
