Rank,Head,F1 Drop (Contribution),Accuracy Drop
1,0,0.017777316995780335,0.021052631578947323
2,2,0.0240970143303445,0.021052631578947323
3,8,0.015346294335924826,0.010526315789473717
4,1,-0.020332698734031096,-0.010526315789473717
5,5,-0.020332698734031096,-0.010526315789473717
6,6,-0.020332698734031096,-0.010526315789473717
7,4,-0.034450967697878254,-0.021052631578947323
8,3,-0.05771966575881993,-0.04210526315789476
9,7,-0.05771966575881993,-0.04210526315789476
