Rank,Head,F1 Drop (Contribution),Accuracy Drop
1,1,0.016669253908769943,0.04210526315789476
2,8,0.04732188548771732,0.03157894736842104
3,4,0.0,0.0
4,7,-0.005883856139076937,0.0
5,2,-0.020332698734031096,-0.010526315789473717
6,3,-0.014955376294188416,-0.010526315789473717
7,0,-0.02954502927393421,-0.021052631578947323
8,5,-0.04379246755907873,-0.03157894736842104
9,6,-0.04379246755907873,-0.03157894736842104
