Rank,Head,F1 Drop (Contribution),Accuracy Drop
1,7,0.0586238245458891,0.06315789473684208
2,1,-0.004390870979722461,0.03157894736842104
3,8,0.017777316995780335,0.021052631578947323
4,4,-0.020223111201489452,0.0
5,5,-0.005883856139076937,0.0
6,6,-0.01118226963693636,0.0
7,2,-0.014955376294188416,-0.010526315789473717
8,3,-0.03341665441041519,-0.010526315789473717
9,0,-0.04636429847612933,-0.021052631578947323
