Rank,Head,F1 Drop (Contribution),Accuracy Drop
1,0,0.015346294335924826,0.010526315789473717
2,3,0.015346294335924826,0.010526315789473717
3,6,0.015346294335924826,0.010526315789473717
4,1,0.0,0.0
5,2,0.0,0.0
6,4,0.0,0.0
7,5,0.0,0.0
8,7,0.0,0.0
9,8,-0.014955376294188416,-0.010526315789473717
