Rank,Head,F1 Drop (Contribution),Accuracy Drop
1,1,0.055691264288082576,0.04210526315789476
2,0,0.03111055733661594,0.021052631578947323
3,3,0.0240970143303445,0.021052631578947323
4,4,0.03111055733661594,0.021052631578947323
5,7,0.008918032718539526,0.010526315789473717
6,6,0.0,0.0
7,8,0.0,0.0
8,2,-0.014955376294188416,-0.010526315789473717
9,5,-0.014955376294188416,-0.010526315789473717
