Rank,Head,F1 Drop (Contribution),Accuracy Drop
1,6,0.02988434675798446,0.04210526315789476
2,1,-0.013976679898407562,0.021052631578947323
3,4,-0.008637598223380616,0.021052631578947323
4,5,0.012086428424005535,0.021052631578947323
5,3,-0.01471027825497273,0.010526315789473717
6,8,-0.01118226963693636,0.0
7,2,-0.025172202396570253,-0.010526315789473717
8,0,-0.04282211729468666,-0.021052631578947323
9,7,-0.049520219775440744,-0.021052631578947323
