Rank,Head,F1 Drop (Contribution),Accuracy Drop
1,1,-0.004390870979722461,0.03157894736842104
2,3,0.012086428424005535,0.021052631578947323
3,2,0.0031270700910166482,0.010526315789473717
4,5,0.008918032718539526,0.010526315789473717
5,8,-0.005883856139076937,0.0
6,7,-0.03689595076959262,-0.010526315789473717
7,0,-0.052273256212687524,-0.03157894736842104
8,4,-0.048259701709114755,-0.03157894736842104
9,6,-0.052273256212687524,-0.03157894736842104
