Rank,Head,F1 Drop (Contribution),Accuracy Drop
1,2,0.015346294335924826,0.010526315789473717
2,4,0.015346294335924826,0.010526315789473717
3,7,0.015346294335924826,0.010526315789473717
4,0,0.0,0.0
5,1,-0.005883856139076937,0.0
6,3,0.0,0.0
7,5,0.0,0.0
8,6,0.0,0.0
9,8,0.0,0.0
