Rank,Head,F1 Drop (Contribution),Accuracy Drop
1,3,0.03111055733661594,0.021052631578947323
2,4,0.015346294335924826,0.010526315789473717
3,5,0.015346294335924826,0.010526315789473717
4,6,0.015346294335924826,0.010526315789473717
5,2,0.0,0.0
6,8,-0.014955376294188416,-0.010526315789473717
7,0,-0.02954502927393421,-0.021052631578947323
8,1,-0.034450967697878254,-0.021052631578947323
9,7,-0.05771966575881993,-0.04210526315789476
