Rank,Head,F1 Drop (Contribution),Accuracy Drop
1,1,0.015346294335924826,0.010526315789473717
2,6,0.015346294335924826,0.010526315789473717
3,2,0.0,0.0
4,4,0.0,0.0
5,5,0.0,0.0
6,7,0.0,0.0
7,8,0.0,0.0
8,0,-0.014955376294188416,-0.010526315789473717
9,3,-0.014955376294188416,-0.010526315789473717
