Rank,Head,F1 Drop (Contribution),Accuracy Drop
1,7,0.03111055733661594,0.021052631578947323
2,2,0.015346294335924826,0.010526315789473717
3,4,0.015346294335924826,0.010526315789473717
4,0,0.0,0.0
5,1,-0.005883856139076937,0.0
6,5,0.0,0.0
7,6,0.0,0.0
8,8,0.0,0.0
9,3,-0.020332698734031096,-0.010526315789473717
