Rank,Head,F1 Drop (Contribution),Accuracy Drop
1,4,0.015346294335924826,0.010526315789473717
2,6,0.015346294335924826,0.010526315789473717
3,8,0.015346294335924826,0.010526315789473717
4,2,0.0,0.0
5,0,-0.014955376294188416,-0.010526315789473717
6,3,-0.02954502927393421,-0.021052631578947323
7,5,-0.02954502927393421,-0.021052631578947323
8,1,-0.04379246755907873,-0.03157894736842104
9,7,-0.04379246755907873,-0.03157894736842104
