Rank,Head,F1 Drop (Contribution),Accuracy Drop
1,1,0.03279144173126736,0.03157894736842104
2,7,0.04732188548771732,0.03157894736842104
3,2,0.0,0.0
4,3,-0.014955376294188416,-0.010526315789473717
5,4,-0.014955376294188416,-0.010526315789473717
6,5,-0.014955376294188416,-0.010526315789473717
7,8,-0.014955376294188416,-0.010526315789473717
8,0,-0.02954502927393421,-0.021052631578947323
9,6,-0.02954502927393421,-0.021052631578947323
