Rank,Head,F1 Drop (Contribution),Accuracy Drop
1,4,0.0586238245458891,0.06315789473684208
2,8,0.0240970143303445,0.021052631578947323
3,5,0.0031270700910166482,0.010526315789473717
4,6,-0.00208470308402553,0.010526315789473717
5,0,-0.020223111201489452,0.0
6,1,-0.03544792221297599,0.0
7,2,-0.020332698734031096,-0.010526315789473717
8,3,-0.029520219775440615,-0.010526315789473717
9,7,-0.03341665441041519,-0.010526315789473717
