Rank,Head,F1 Drop (Contribution),Accuracy Drop
1,0,0.008918032718539526,0.010526315789473717
2,1,0.015346294335924826,0.010526315789473717
3,6,0.015346294335924826,0.010526315789473717
4,2,0.0,0.0
5,4,0.0,0.0
6,5,0.0,0.0
7,7,-0.014955376294188416,-0.010526315789473717
8,8,-0.014955376294188416,-0.010526315789473717
9,3,-0.02954502927393421,-0.021052631578947323
