Rank,Head,F1 Drop (Contribution),Accuracy Drop
1,3,0.03111055733661594,0.021052631578947323
2,2,0.015346294335924826,0.010526315789473717
3,4,0.015346294335924826,0.010526315789473717
4,5,0.015346294335924826,0.010526315789473717
5,8,0.015346294335924826,0.010526315789473717
6,1,0.0,0.0
7,6,0.0,0.0
8,7,-0.014955376294188416,-0.010526315789473717
9,0,-0.02954502927393421,-0.021052631578947323
