Rank,Head,F1 Drop (Contribution),Accuracy Drop
1,0,0.015346294335924826,0.010526315789473717
2,2,0.015346294335924826,0.010526315789473717
3,3,0.015346294335924826,0.010526315789473717
4,6,0.015346294335924826,0.010526315789473717
5,8,0.015346294335924826,0.010526315789473717
6,1,0.0,0.0
7,4,0.0,0.0
8,5,0.0,0.0
9,7,-0.014955376294188416,-0.010526315789473717
