Rank,Head,F1 Drop (Contribution),Accuracy Drop
1,1,0.029661066774267053,0.052631578947368474
2,3,0.03967886489275163,0.03157894736842104
3,4,0.017777316995780335,0.021052631578947323
4,8,0.03111055733661594,0.021052631578947323
5,5,0.0,0.0
6,0,-0.025172202396570253,-0.010526315789473717
7,6,-0.020332698734031096,-0.010526315789473717
8,2,-0.034450967697878254,-0.021052631578947323
9,7,-0.06177863136269579,-0.04210526315789476
