Rank,Head,F1 Drop (Contribution),Accuracy Drop
1,0,0.03111055733661594,0.021052631578947323
2,8,0.03111055733661594,0.021052631578947323
3,4,0.0,0.0
4,5,0.0,0.0
5,6,0.0,0.0
6,1,-0.020332698734031096,-0.010526315789473717
7,2,-0.014955376294188416,-0.010526315789473717
8,3,-0.014955376294188416,-0.010526315789473717
9,7,-0.02954502927393421,-0.021052631578947323
