Rank,Head,F1 Drop (Contribution),Accuracy Drop
1,1,0.03279144173126736,0.03157894736842104
2,7,0.03889412916682389,0.021052631578947323
3,3,0.008918032718539526,0.010526315789473717
4,5,0.0,0.0
5,6,-0.005883856139076937,0.0
6,8,0.0,0.0
7,2,-0.014955376294188416,-0.010526315789473717
8,0,-0.02954502927393421,-0.021052631578947323
9,4,-0.02954502927393421,-0.021052631578947323
