Rank,Head,F1 Drop (Contribution),Accuracy Drop
1,1,0.012086428424005535,0.021052631578947323
2,0,0.015346294335924826,0.010526315789473717
3,6,0.008918032718539526,0.010526315789473717
4,5,0.0,0.0
5,8,0.0,0.0
6,4,-0.020332698734031096,-0.010526315789473717
7,2,-0.02954502927393421,-0.021052631578947323
8,3,-0.02954502927393421,-0.021052631578947323
9,7,-0.048259701709114755,-0.03157894736842104
