Rank,Head,F1 Drop (Contribution),Accuracy Drop
1,1,0.015346294335924826,0.010526315789473717
2,3,0.015346294335924826,0.010526315789473717
3,5,0.015346294335924826,0.010526315789473717
4,0,0.0,0.0
5,8,0.0,0.0
6,2,-0.014955376294188416,-0.010526315789473717
7,4,-0.014955376294188416,-0.010526315789473717
8,6,-0.014955376294188416,-0.010526315789473717
9,7,-0.014955376294188416,-0.010526315789473717
