Rank,Head,F1 Drop (Contribution),Accuracy Drop
1,1,0.03111055733661594,0.021052631578947323
2,0,0.015346294335924826,0.010526315789473717
3,3,0.0,0.0
4,4,0.0,0.0
5,5,0.0,0.0
6,8,0.0,0.0
7,2,-0.014955376294188416,-0.010526315789473717
8,6,-0.014955376294188416,-0.010526315789473717
9,7,-0.014955376294188416,-0.010526315789473717
