Rank,Head,F1 Drop (Contribution),Accuracy Drop
1,3,0.015346294335924826,0.010526315789473717
2,6,0.015346294335924826,0.010526315789473717
3,8,0.0,0.0
4,0,-0.014955376294188416,-0.010526315789473717
5,2,-0.014955376294188416,-0.010526315789473717
6,4,-0.014955376294188416,-0.010526315789473717
7,1,-0.02954502927393421,-0.021052631578947323
8,5,-0.02954502927393421,-0.021052631578947323
9,7,-0.02954502927393421,-0.021052631578947323
