Rank,Head,F1 Drop (Contribution),Accuracy Drop
1,0,0.06401163417554634,0.04210526315789476
2,7,0.04732188548771732,0.03157894736842104
3,1,0.0,0.0
4,2,0.0,0.0
5,8,0.0,0.0
6,5,-0.014955376294188416,-0.010526315789473717
7,6,-0.014955376294188416,-0.010526315789473717
8,3,-0.02954502927393421,-0.021052631578947323
9,4,-0.02954502927393421,-0.021052631578947323
